age,fare,class_Second,class_Third,sex_male,embarked_Q,embarked_S,who_man,who_woman,alone,survived
52,54.28961542697685,1,0,1,1,0,1,0,1,0
15,61.17116639576828,0,0,0,1,1,0,1,1,1
72,42.905256867662374,0,1,1,0,1,1,0,1,1
61,10.202355688092977,1,0,1,0,1,1,0,0,0
21,36.843737956360584,1,0,0,1,0,0,1,1,1
75,81.27107761681108,1,1,0,0,0,0,1,0,0
75,5.440042185437272,0,1,1,1,0,1,0,1,1
24,36.6824213106587,0,0,1,1,1,1,0,0,1
3,42.826025891139615,1,1,0,0,1,0,1,1,1
22,56.05258227910267,0,1,1,1,0,1,0,0,0
53,92.38628355921225,1,1,1,0,0,1,0,1,1
2,37.90286946476632,0,0,1,1,1,1,0,0,0
30,37.96055418014163,0,0,1,0,1,1,0,0,1
38,75.0626185704261,1,0,0,1,1,0,1,0,1
2,47.96070438453168,1,1,0,1,0,0,1,1,1
64,26.337458179298288,1,0,0,0,0,0,1,0,1
60,47.98175403260587,1,1,1,1,0,1,0,0,1
21,18.38141693608099,0,0,1,1,1,1,0,0,1
33,21.756763718091214,0,0,1,0,1,1,0,0,0
76,52.34493841025058,0,1,1,1,0,1,0,1,0
58,44.797917702932054,1,0,1,0,0,1,0,0,0
22,91.9103606014695,0,1,0,1,1,0,1,0,1
49,39.427420416080146,1,1,1,0,0,1,0,0,0
59,60.155893276414126,0,0,1,1,1,1,0,1,1
42,65.06510735235538,1,1,0,1,1,0,1,0,0
60,6.243973375891695,1,0,1,1,0,1,0,0,0
15,68.0360503415875,0,0,0,0,1,0,1,0,1
62,21.913416852626387,1,1,0,0,0,0,1,0,1
62,96.30168015959823,1,0,0,0,1,0,1,1,0
47,19.12295913654573,0,1,0,0,1,0,1,0,0
62,44.38929175406725,1,0,0,1,0,0,1,0,0
51,13.108218467471167,1,0,1,1,1,1,0,1,0
55,99.703053925365,1,0,0,0,0,0,1,1,1
64,52.70852598146804,0,0,0,0,0,0,1,1,0
3,61.56157664540416,0,0,1,0,1,1,0,0,1
51,11.37226535190061,1,1,1,1,0,1,0,1,1
7,76.24624468792189,0,1,0,0,0,0,1,0,0
21,24.94103134408065,1,1,1,0,0,1,0,1,1
73,90.31515749686781,1,1,1,1,0,1,0,0,0
39,24.488265845790682,1,1,0,1,0,0,1,1,1
18,23.115333463048323,1,1,0,0,0,0,1,0,1
4,8.472218445569013,1,0,1,1,1,1,0,1,0
60,49.84635978544993,0,0,0,0,0,0,1,0,1
14,58.65990765994856,1,1,0,1,1,0,1,0,1
9,11.242320745693474,0,1,1,0,1,1,0,0,0
53,78.675123586026,0,0,0,0,0,0,1,0,1
2,48.062439301062625,1,0,0,0,1,0,1,0,1
60,54.817075586120104,1,0,0,0,1,0,1,0,0
71,46.87246095913167,0,1,0,1,0,0,1,0,0
44,43.07249078315597,0,1,0,1,0,0,1,0,1
8,58.1658314742807,0,1,1,1,0,1,0,1,1
47,19.747823363417687,1,0,1,1,1,1,0,0,1
35,22.283172397050755,0,0,0,0,1,0,1,0,0
78,86.86963399628414,1,1,1,0,0,1,0,1,1
36,94.88096890269512,1,1,0,1,0,0,1,0,1
50,40.46438504657653,1,0,0,1,1,0,1,1,1
4,30.720743948637608,0,0,0,1,1,0,1,0,1
2,66.17995660770649,1,0,0,1,1,0,1,1,1
6,43.82974625431916,1,0,0,1,1,0,1,1,1
54,7.411703787732762,1,1,1,0,0,1,0,0,0
4,19.834496749788084,1,0,1,0,1,1,0,1,0
54,73.01736174050276,1,0,0,0,1,0,1,0,1
63,67.59777448146437,0,0,1,1,1,1,0,0,1
18,7.574119287830932,1,1,0,1,1,0,1,0,0
44,26.087355383630197,1,1,1,1,0,1,0,0,0
34,26.952105675866783,0,0,0,1,0,0,1,1,0
74,68.82981064187919,1,0,1,0,1,1,0,0,1
62,6.872501086664595,0,0,0,0,1,0,1,1,1
14,14.890315288534515,1,1,0,1,0,0,1,1,1
48,80.99202811045299,0,1,1,0,0,1,0,0,1
15,21.96174289516169,0,1,1,0,1,1,0,0,0
72,67.01088024592809,1,0,0,1,1,0,1,0,0
78,27.627364199439018,1,1,1,1,0,1,0,0,0
62,14.44693231213779,1,0,0,1,0,0,1,1,0
40,28.101358144948136,0,0,1,1,0,1,0,0,1
53,73.61535852628762,0,0,1,1,0,1,0,1,1
24,86.29116447009714,0,1,0,1,0,0,1,0,0
26,83.8708871338642,1,0,1,0,0,1,0,0,0
60,42.73243531375321,0,1,1,0,1,1,0,0,0
41,68.46808797421139,0,1,0,1,0,0,1,0,0
29,24.473508064502994,1,0,1,0,0,1,0,1,0
15,32.84903437479626,0,0,0,1,0,0,1,1,1
45,90.15190275950638,0,1,0,1,0,0,1,0,1
65,6.235182733519924,1,0,0,1,1,0,1,1,0
71,13.123310431174467,0,1,0,1,1,0,1,1,0
9,24.749194238872594,1,0,0,0,0,0,1,0,0
1,7.520559368012873,1,1,1,1,1,1,0,0,1
8,22.236366333530746,1,1,0,0,1,0,1,1,1
63,60.38894829212076,1,1,0,1,1,0,1,1,1
11,45.0353323062873,1,1,1,1,1,1,0,1,0
8,89.8038125523126,0,0,1,1,1,1,0,1,1
35,82.65713836515188,0,0,1,0,1,1,0,0,0
35,37.472648411298216,1,1,0,1,0,0,1,0,1
33,29.645226175972788,1,1,0,1,0,0,1,1,1
5,41.07077877589035,0,0,0,1,0,0,1,0,1
41,61.07801953890674,1,0,1,0,0,1,0,1,0
28,30.466045878173244,1,0,0,0,0,0,1,1,0
7,64.29414624566773,1,0,1,0,1,1,0,0,1
73,43.89410695816784,0,0,0,1,0,0,1,1,0
72,57.444482180938124,0,0,1,0,0,1,0,1,0
12,46.43202026785509,1,1,0,1,1,0,1,0,0
34,32.97424715648218,1,0,0,0,1,0,1,0,0
33,95.10306416140489,0,0,0,0,0,0,1,1,0
48,77.54255044517728,0,1,1,1,1,1,0,1,0
23,18.31075169781299,1,0,1,0,1,1,0,0,0
62,87.50445771030172,1,0,0,1,1,0,1,1,1
37,51.3059638337038,0,0,0,1,1,0,1,1,0
44,89.98246155493868,0,0,0,0,0,0,1,0,0
35,80.98624931499495,0,0,1,1,1,1,0,0,1
65,45.39528292457718,1,1,0,1,0,0,1,0,1
47,7.134584290411153,0,0,0,0,0,0,1,0,1
78,30.52434914156988,1,1,0,0,1,0,1,0,1
3,56.45525039278236,0,1,0,1,1,0,1,0,0
1,65.180430883484,0,0,1,0,1,1,0,1,1
5,29.499330116154216,0,1,1,1,0,1,0,1,1
14,18.238827036918295,0,0,0,1,1,0,1,0,0
27,84.31837249593342,1,1,0,0,1,0,1,0,0
9,98.51820716683746,1,1,1,0,1,1,0,1,0
79,54.94056731875516,0,0,1,0,1,1,0,1,1
15,21.309532155588833,1,0,0,0,1,0,1,1,0
42,30.869196019340052,0,0,1,1,0,1,0,0,1
77,6.747114272009339,0,0,1,1,1,1,0,0,0
51,91.8583866232474,0,0,0,0,1,0,1,1,0
63,16.186352874563408,0,1,1,0,1,1,0,0,1
52,59.76906517385409,1,1,1,1,0,1,0,0,0
4,31.03524596528457,0,1,0,1,1,0,1,0,0
23,57.64691023900038,0,1,0,1,0,0,1,1,0
15,66.8849368934271,1,1,1,1,0,1,0,1,0
43,83.82547135218415,0,1,0,0,1,0,1,0,0
29,24.610020817257304,0,1,1,1,1,1,0,0,1
36,6.044603722555646,0,0,0,1,1,0,1,0,1
13,18.00413485653669,1,0,1,0,0,1,0,0,0
32,90.50177097556998,0,1,0,1,0,0,1,0,1
71,88.01955736843895,1,1,1,1,0,1,0,1,1
59,61.754244706179286,0,0,1,0,0,1,0,0,1
28,62.04910174119707,0,0,1,0,0,1,0,0,0
66,68.17848408189427,1,0,0,0,0,0,1,0,0
42,21.660271469227713,0,0,0,1,1,0,1,1,0
45,91.86913486287118,0,1,1,1,1,1,0,1,1
62,44.78319986474695,1,0,1,0,0,1,0,0,1
57,41.39816018370226,1,1,0,0,1,0,1,1,0
6,54.297182001869565,1,1,0,1,1,0,1,1,0
28,9.46176684363023,1,1,0,0,0,0,1,1,1
28,20.796920031827543,1,0,0,0,0,0,1,1,1
44,75.1131935605052,0,0,0,0,1,0,1,1,0
30,12.865873452887016,1,1,0,1,0,0,1,1,1
62,62.29945039930688,0,1,1,1,0,1,0,0,1
75,28.30816541972549,0,1,0,1,1,0,1,1,1
62,41.98308333398777,0,0,1,1,0,1,0,1,1
1,32.42590499321649,1,1,0,1,1,0,1,0,1
27,38.788908064170165,1,0,0,1,1,0,1,0,1
62,73.30936099250331,0,1,1,0,1,1,0,0,1
77,33.22656298420163,1,1,1,1,1,1,0,0,0
3,58.808440828205235,1,1,0,1,1,0,1,1,0
70,50.22478820891447,1,0,1,0,0,1,0,1,1
72,68.04876070945157,1,0,1,1,0,1,0,1,1
27,93.99882523585201,0,1,1,1,0,1,0,1,1
9,74.59434923497378,0,0,1,0,0,1,0,0,0
62,25.419335966121892,1,1,0,0,1,0,1,1,0
37,7.962397830822043,0,0,1,0,1,1,0,1,1
51,29.915084208483382,1,0,0,1,0,0,1,0,0
44,61.53240341652421,1,0,0,0,1,0,1,1,1
24,9.885452281003783,0,1,0,1,0,0,1,1,1
79,52.154793484117455,0,0,0,1,0,0,1,1,1
59,61.700070647104475,0,0,1,1,0,1,0,1,1
32,36.75316962761128,1,1,1,1,1,1,0,0,1
52,78.23665935585308,0,1,0,0,1,0,1,0,1
62,15.126834047708321,1,1,0,0,1,0,1,0,1
58,12.138089264901833,0,1,0,1,1,0,1,0,0
52,74.17793183934232,0,0,0,0,0,0,1,0,1
12,52.071675039588854,1,0,1,1,1,1,0,1,0
39,70.39822766063493,1,0,0,1,1,0,1,1,1
2,46.30859716735589,1,0,1,1,1,1,0,0,1
3,28.408193157715147,1,0,0,0,0,0,1,0,0
56,82.81472017904898,1,1,0,1,0,0,1,0,0
59,80.94450850205303,1,0,0,1,1,0,1,1,1
2,70.99616473117054,1,0,0,0,1,0,1,0,0
2,30.853788036846456,1,0,1,0,1,1,0,1,1
54,61.07191335256327,0,1,1,0,1,1,0,1,1
1,39.292520209302545,1,1,1,0,0,1,0,1,0
19,13.700296966030244,1,0,0,1,1,0,1,1,0
2,92.14478966891306,0,1,0,0,1,0,1,0,0
53,17.997769937301335,1,1,1,1,1,1,0,1,0
44,95.27254861297624,0,1,1,0,0,1,0,1,1
32,47.370548431005794,0,1,0,0,0,0,1,0,0
70,22.587628239668867,1,1,0,0,1,0,1,1,0
32,56.48059000094403,0,1,1,0,1,1,0,1,0
68,87.92985440825879,1,1,0,0,1,0,1,1,0
55,74.56136420890832,0,0,0,0,1,0,1,0,0
75,81.62330904683772,0,0,1,1,1,1,0,1,1
56,67.58441983751814,0,1,0,0,0,0,1,1,1
17,70.76627362919598,1,0,1,0,0,1,0,0,0
38,85.67358689870534,1,0,0,0,0,0,1,0,0
24,28.718460841622665,0,1,1,0,1,1,0,1,1
69,51.49537154609835,0,0,0,1,0,0,1,1,0
70,26.01489697286221,1,1,1,0,0,1,0,0,1
11,98.82846075968146,1,1,1,0,0,1,0,1,1
16,94.68563727022826,0,1,1,0,1,1,0,0,0
73,8.74554708000806,0,0,1,0,1,1,0,1,1
59,72.0296413889904,1,0,0,1,0,0,1,0,0
70,92.89859015448825,1,0,0,0,1,0,1,1,0
3,22.154657787096685,1,0,1,1,0,1,0,0,1
20,58.9547969024998,1,1,0,0,0,0,1,0,1
59,91.97138827086397,1,1,0,1,0,0,1,0,0
36,8.22486796565089,0,0,0,1,0,0,1,0,1
19,71.25492538844979,1,1,0,0,1,0,1,0,0
67,33.248155700392324,0,1,0,0,1,0,1,1,1
19,92.81763856077039,1,0,1,1,1,1,0,1,1
20,97.25053329070994,0,1,1,1,1,1,0,0,0
71,94.70531646577622,1,0,1,0,0,1,0,1,0
52,50.05035058245906,1,1,1,1,1,1,0,1,0
33,86.89405184398477,0,0,0,1,0,0,1,1,1
40,85.23219286083169,0,1,0,1,1,0,1,1,0
39,35.31454495810928,1,1,1,0,1,1,0,1,0
1,83.74697004431435,1,0,0,1,1,0,1,1,1
11,8.515725297971798,1,0,0,1,0,0,1,0,1
57,61.64563845579504,1,0,1,1,0,1,0,1,0
50,26.85083954233179,1,0,0,0,0,0,1,1,0
23,16.453854148841486,0,1,1,0,0,1,0,1,0
31,12.31055415477487,0,1,1,1,1,1,0,0,0
42,71.14743370842328,1,0,0,0,0,0,1,1,1
7,37.288121557966285,0,1,0,1,0,0,1,1,1
16,73.85284329523233,0,0,1,0,1,1,0,1,0
60,11.208852375899525,0,0,1,0,1,1,0,0,0
2,34.95258209390798,1,1,0,1,0,0,1,1,0
1,56.251672775657035,0,1,1,0,1,1,0,0,1
48,80.11870065970153,1,0,1,0,0,1,0,1,0
12,35.28148777854664,0,0,1,0,1,1,0,0,0
69,64.45968076151587,1,0,0,1,0,0,1,0,1
37,89.16788608243778,0,1,1,0,0,1,0,0,1
32,63.50700287731893,1,1,0,0,0,0,1,1,0
9,27.131150101595207,1,1,1,1,0,1,0,0,0
19,7.318074247871111,0,1,0,0,0,0,1,0,1
48,87.65939302058834,1,0,1,0,1,1,0,0,0
3,7.0205940307867785,1,0,0,0,0,0,1,0,0
20,88.09665890499895,1,0,0,0,0,0,1,1,1
24,55.24902773258514,1,0,0,0,0,0,1,1,1
54,94.21143135872514,1,0,1,1,0,1,0,1,1
33,80.88440739849821,1,0,1,1,0,1,0,1,0
24,99.80374050066706,1,1,1,0,1,1,0,0,1
75,38.317622467912464,1,1,0,0,1,0,1,1,1
72,77.88288744845705,0,0,1,0,0,1,0,0,0
36,43.183436792878005,0,0,0,1,1,0,1,1,0
38,50.58818392887134,1,1,1,1,0,1,0,1,1
25,64.61301900574516,1,1,0,0,1,0,1,1,1
18,87.99932584770218,0,1,0,0,1,0,1,0,0
66,98.48792957393303,0,1,0,1,0,0,1,1,0
54,77.98597431712923,0,0,1,0,1,1,0,1,1
35,44.68784430589671,1,0,1,1,1,1,0,1,1
61,45.028915216321664,0,0,1,1,0,1,0,0,0
41,75.07031865094469,1,0,0,0,0,0,1,1,1
33,27.68382884798872,1,0,0,1,1,0,1,1,0
68,15.495040747482493,0,1,1,0,1,1,0,0,1
33,38.68910497587377,1,0,1,0,1,1,0,0,0
14,32.287704207137764,1,1,1,0,0,1,0,1,0
21,33.14927144331906,1,0,0,0,1,0,1,1,1
48,27.192736349741445,1,0,0,0,1,0,1,1,1
20,8.99885301545438,0,0,0,0,1,0,1,0,0
8,6.698023799674312,0,0,0,1,0,0,1,0,1
7,98.833627024923,1,0,0,1,0,0,1,0,1
67,45.63844770490692,1,1,1,1,0,1,0,1,1
17,41.51103148016976,0,1,0,1,0,0,1,0,0
33,69.56649185584163,1,1,0,0,1,0,1,1,1
48,25.734119347181096,0,0,0,1,0,0,1,0,1
76,95.24631247527141,1,0,0,1,1,0,1,0,0
59,79.70277636947745,1,1,0,1,1,0,1,0,1
22,13.494045219664654,0,0,1,0,1,1,0,1,1
30,44.670173699568196,0,0,0,1,1,0,1,1,0
38,88.51623921840564,0,1,0,0,0,0,1,1,0
51,94.74954211768397,0,0,0,1,0,0,1,1,1
54,49.403143568737626,1,1,1,0,0,1,0,0,1
8,63.27408197501723,0,0,1,0,0,1,0,1,0
27,20.868224878747146,1,1,1,1,0,1,0,0,0
27,99.16101948301277,0,0,0,0,1,0,1,1,1
21,27.008811631427122,0,0,1,0,0,1,0,1,1
30,94.55951854283694,1,1,0,1,0,0,1,0,1
28,66.716431654275,0,0,0,1,0,0,1,0,0
64,62.73499551349162,0,0,1,1,0,1,0,1,1
69,53.705408546568314,0,1,0,0,1,0,1,1,0
61,26.913632113187074,0,0,0,0,1,0,1,0,0
48,21.770163040523286,1,1,0,0,1,0,1,0,0
19,25.94618986166666,1,0,1,1,1,1,0,0,1
4,22.71163490370418,0,0,0,0,1,0,1,0,1
35,79.06052498884156,0,0,0,0,0,0,1,0,1
64,38.26189962083936,0,0,1,0,1,1,0,1,0
49,10.495054273522655,1,1,0,0,1,0,1,1,1
17,97.06474986337707,1,0,0,0,1,0,1,1,0
44,88.95965907152544,1,1,1,0,0,1,0,1,0
30,93.13646690354523,1,0,0,0,0,0,1,0,0
46,99.51624315141136,0,0,0,1,1,0,1,0,0
6,21.520048675851292,0,0,0,1,0,0,1,0,0
37,42.64299179575258,0,0,0,1,0,0,1,1,0
24,77.03265519188868,1,1,0,0,1,0,1,0,1
46,71.12195871511027,0,1,1,0,0,1,0,0,0
53,19.62011110228623,1,1,1,1,0,1,0,1,1
60,82.50414687410868,1,1,1,0,0,1,0,1,0
63,26.321854324482764,0,0,1,1,1,1,0,1,1
32,26.262673408149194,0,1,0,0,1,0,1,0,1
33,56.01257017487429,0,1,0,0,1,0,1,0,1
67,61.3292938099618,1,0,0,1,0,0,1,1,1
18,60.10818974459206,1,0,0,1,1,0,1,1,0
25,13.691249552786713,0,0,0,1,0,0,1,0,0
54,88.35878194988614,0,0,1,1,0,1,0,1,0
58,30.232004045927077,1,1,1,1,0,1,0,0,0
67,17.303917521866396,0,1,0,0,1,0,1,1,1
46,89.43106758755283,1,0,0,0,1,0,1,1,1
24,95.78689233182656,1,0,0,0,1,0,1,1,1
32,86.90212364021781,0,0,1,1,1,1,0,0,0
47,81.90402709886342,0,1,0,1,0,0,1,0,1
23,67.24798816070707,0,1,0,1,1,0,1,1,0
66,57.33145020786824,0,0,0,1,0,0,1,0,1
27,13.263742191583964,1,0,1,1,1,1,0,1,1
2,43.80305524171638,1,1,0,1,1,0,1,1,1
17,40.40540911616983,1,0,1,0,1,1,0,0,1
33,29.676609457230988,0,0,1,0,0,1,0,0,1
9,73.72491080041557,1,1,1,0,0,1,0,0,0
43,52.10819483248323,0,0,1,0,0,1,0,0,1
48,12.699390511226554,0,1,1,0,0,1,0,1,0
39,25.917404185232076,0,0,1,1,0,1,0,0,0
42,69.90958254766161,0,0,0,1,1,0,1,0,0
26,12.232431651578517,0,1,0,1,0,0,1,1,0
50,85.86465683463302,0,1,0,1,0,0,1,1,0
25,52.03892006632756,1,0,1,1,0,1,0,1,0
24,50.65572484603156,0,1,0,1,0,0,1,1,0
13,61.27873954265417,1,0,1,0,1,1,0,0,0
60,83.34469176288917,1,0,1,1,0,1,0,0,1
7,38.04187475070834,0,1,1,1,1,1,0,1,1
57,69.41153449311103,0,0,0,1,1,0,1,1,0
36,58.74453657960015,0,0,1,1,1,1,0,0,0
45,30.367685666095024,1,1,1,0,0,1,0,0,0
20,88.46984870374001,0,1,0,0,1,0,1,0,1
65,80.75547205265816,1,0,0,1,0,0,1,0,1
8,67.55292429255041,0,1,1,0,0,1,0,0,0
16,85.80526426395298,0,1,1,0,0,1,0,1,0
14,87.39294909118122,1,1,0,1,0,0,1,1,1
76,72.2944827879283,1,1,0,1,0,0,1,1,1
15,84.51626619454885,0,0,0,1,1,0,1,1,0
66,71.25978885858194,1,0,1,1,1,1,0,0,0
32,69.61337331722854,1,0,0,1,0,0,1,1,0
63,63.76808093044251,1,1,0,0,1,0,1,0,0
51,76.50808075797592,1,1,0,1,0,0,1,0,1
25,20.067485002842,1,1,1,1,1,1,0,0,1
58,88.6827221238982,0,1,0,1,1,0,1,0,0
63,87.82513513579704,0,1,0,0,1,0,1,0,0
62,7.778491888283119,1,1,0,1,1,0,1,0,0
22,83.45259130365245,0,1,0,1,1,0,1,0,1
58,17.24263740997729,0,0,0,1,0,0,1,1,0
58,36.83629115461848,1,0,1,0,0,1,0,0,0
49,75.63328434770274,0,1,1,1,1,1,0,1,0
52,20.27219012458928,1,1,1,1,0,1,0,1,1
42,82.70686729131091,1,1,0,1,1,0,1,0,0
70,84.05274690598549,0,0,1,0,0,1,0,0,1
15,53.20943470727944,1,0,1,1,1,1,0,1,0
54,5.60665781309919,1,1,1,1,1,1,0,1,0
60,32.26862265161671,1,1,0,1,1,0,1,1,0
8,63.60805724569551,1,0,0,0,0,0,1,1,1
53,98.21268691260524,1,0,1,1,0,1,0,0,0
60,65.02228506658349,0,0,1,1,1,1,0,0,0
5,29.681340201095182,0,0,0,1,1,0,1,0,1
68,65.23054179446308,1,1,0,0,0,0,1,1,1
6,56.29861107300627,1,0,1,0,0,1,0,0,1
47,79.08531253935864,0,0,0,1,0,0,1,1,0
55,15.16316068856105,1,1,1,0,0,1,0,0,1
40,77.29765073769266,0,0,0,0,0,0,1,1,0
52,56.420324974230475,1,0,1,0,1,1,0,0,1
16,96.4842403666045,1,0,1,1,0,1,0,0,1
13,37.47785577367518,1,1,0,1,1,0,1,1,1
30,65.09907984772508,1,0,1,0,1,1,0,1,0
19,93.54267002345166,1,1,1,0,0,1,0,1,0
17,14.73842415911453,1,1,1,0,0,1,0,1,0
63,94.03670628746286,1,0,0,1,1,0,1,1,0
19,70.34914361857727,0,0,0,1,0,0,1,0,0
58,11.44452061499133,0,0,0,0,1,0,1,1,0
55,33.59153885994755,0,0,1,0,0,1,0,0,0
62,72.27634842130175,1,1,0,0,0,0,1,0,0
23,11.398307139533312,1,0,1,0,0,1,0,0,0
9,60.30619371674596,1,0,1,1,1,1,0,0,1
12,37.85889041053089,1,0,0,0,0,0,1,0,1
1,63.98697418791033,1,1,0,1,1,0,1,1,0
58,9.345493212188721,1,0,1,0,0,1,0,1,0
1,87.79599658447574,1,0,1,0,1,1,0,0,0
34,97.4814520718527,0,1,0,0,0,0,1,0,0
48,97.0433962521407,1,1,0,0,1,0,1,1,1
1,76.21692401557785,0,0,0,0,1,0,1,1,1
16,17.35819281241004,0,0,1,1,1,1,0,0,0
61,77.03500361325715,1,0,1,0,1,1,0,1,1
64,7.3357570635861435,1,0,1,0,1,1,0,1,1
63,7.101737395254739,0,0,1,0,1,1,0,1,0
69,35.74297081920642,0,1,1,1,0,1,0,0,0
22,51.421103088443246,1,1,0,1,1,0,1,1,0
67,78.18870469174036,1,0,0,1,1,0,1,0,0
76,69.913060777618,0,0,1,1,1,1,0,0,1
26,47.360757105791095,1,1,1,0,0,1,0,0,0
16,30.99453329675826,1,0,0,0,0,0,1,0,1
51,99.72682751498256,1,0,0,0,0,0,1,0,0
57,45.48722371241743,0,0,0,1,1,0,1,1,1
29,47.88176731131917,0,0,0,0,0,0,1,0,0
78,20.54426301320857,0,0,1,0,0,1,0,0,0
69,80.5069071312433,1,1,0,1,1,0,1,0,1
47,70.89981144924143,1,0,1,1,1,1,0,1,1
62,25.973113214932237,0,0,0,1,0,0,1,1,1
69,12.826199333505055,0,0,0,0,1,0,1,1,0
76,69.64743369709774,0,1,0,0,1,0,1,1,1
16,67.17856535670785,1,1,1,1,1,1,0,1,1
48,30.959655064829885,0,1,1,0,1,1,0,1,1
39,95.33203841378898,0,1,0,1,0,0,1,1,1
33,19.35049971918552,1,0,1,1,1,1,0,0,1
23,46.07180609904718,1,1,1,0,0,1,0,0,1
10,94.64351241592189,1,0,0,1,0,0,1,1,1
69,44.87409510798162,0,0,0,1,0,0,1,0,1
34,65.65996502808812,1,1,1,1,0,1,0,0,1
52,42.77146780646546,1,1,1,0,1,1,0,1,0
10,31.05044422312365,0,1,1,1,1,1,0,0,0
19,98.47787655618369,1,1,0,1,1,0,1,0,1
58,43.88673059992909,0,1,0,1,0,0,1,1,0
1,89.93942434951776,0,0,1,1,0,1,0,0,0
69,26.845687559653186,1,1,0,1,0,0,1,1,1
4,25.244946882382912,1,1,0,1,1,0,1,1,1
16,7.957737874028579,1,1,1,1,0,1,0,0,1
24,66.90834841070908,1,0,1,0,1,1,0,0,1
2,40.01000265375731,1,1,0,0,1,0,1,0,1
32,87.11403373476551,1,0,0,1,1,0,1,1,1
24,49.95494113569793,0,1,1,0,1,1,0,1,0
12,96.97837565189856,0,1,0,0,0,0,1,1,1
50,22.62492399179651,1,0,0,1,1,0,1,0,0
35,87.51920095578302,0,1,1,0,0,1,0,0,1
33,78.77670101521547,1,0,1,1,1,1,0,1,1
33,78.23757524118494,0,0,0,1,0,0,1,0,0
61,85.25440667110433,0,0,0,1,0,0,1,0,1
51,77.29727913958489,0,1,0,1,1,0,1,1,1
43,64.49093055498446,1,1,1,1,1,1,0,1,0
12,17.46826337982682,0,1,0,0,1,0,1,0,1
67,8.089987051668931,1,0,0,1,0,0,1,1,0
65,92.48054554249025,0,1,1,0,1,1,0,0,1
33,63.58177987947011,0,0,1,1,1,1,0,1,1
40,80.67104264273675,0,1,0,1,0,0,1,1,0
74,50.74462339369226,0,0,1,1,1,1,0,1,1
43,16.144277951427476,0,0,1,0,0,1,0,0,0
44,16.89265025924229,1,0,0,1,1,0,1,0,0
29,70.12870228675229,1,1,1,1,0,1,0,1,0
13,45.87906001544896,0,0,1,1,0,1,0,1,1
12,24.049849036531988,0,0,0,1,1,0,1,1,1
46,51.7014819404365,0,0,1,0,0,1,0,0,0
2,11.09984902213774,0,0,0,1,1,0,1,1,1
35,60.287283181867885,1,0,0,0,1,0,1,1,1
8,30.55437342133428,0,0,1,1,0,1,0,1,1
26,80.76811456053288,1,1,1,0,1,1,0,1,0
74,34.48438609773951,0,1,1,0,0,1,0,0,1
34,48.245914162771115,1,0,0,1,0,0,1,0,0
7,6.10395129126956,0,1,1,1,0,1,0,1,1
68,11.882454340483093,0,1,0,0,0,0,1,0,1
58,42.286887858635055,1,0,1,1,0,1,0,0,0
75,50.594189298126736,0,0,1,1,0,1,0,0,1
29,62.001952071333854,0,0,1,1,0,1,0,1,0
36,32.707944977383804,0,1,0,0,0,0,1,0,1
21,71.02327918202154,1,0,1,1,1,1,0,0,0
36,86.71162773297443,0,1,1,1,1,1,0,0,1
10,79.08584394486823,0,0,0,1,0,0,1,1,1
73,8.763788408093928,1,1,0,0,1,0,1,1,1
24,50.64815998949375,1,0,1,1,1,1,0,0,0
64,14.968366949726612,1,0,1,0,1,1,0,0,0
49,27.99427650694011,0,1,1,1,1,1,0,1,0
36,98.73294636037892,0,1,0,0,1,0,1,1,1
24,18.53707657564376,0,1,0,1,1,0,1,0,0
23,52.39437457787883,1,1,0,1,0,0,1,0,0
62,63.724794760221315,0,1,0,0,1,0,1,1,0
37,71.73417220168987,0,1,1,0,1,1,0,1,0
12,58.16662493125684,1,0,0,0,1,0,1,0,0
55,5.928230504822448,1,1,0,1,1,0,1,1,0
13,36.01382428317923,1,0,0,1,0,0,1,0,0
23,54.182606121547586,1,0,1,1,0,1,0,0,0
30,13.347317418759168,1,1,1,1,0,1,0,0,0
17,38.309558464872175,0,0,0,0,0,0,1,1,0
62,8.154295335179825,1,1,0,1,1,0,1,0,1
13,12.46495722972697,0,1,1,1,0,1,0,0,1
59,42.70771123915163,0,0,1,1,0,1,0,1,0
19,17.607996634090732,1,0,1,1,0,1,0,1,1
49,58.91638058484802,1,1,1,1,0,1,0,0,1
12,70.49917206804024,1,1,1,1,1,1,0,0,0
61,81.05573641536287,0,0,1,1,0,1,0,1,0
19,24.01427320325696,1,0,1,0,1,1,0,1,0
76,20.910845314611628,1,0,1,1,0,1,0,1,1
9,14.933944831768024,1,0,0,1,1,0,1,0,0
71,65.46087370664549,1,1,0,1,1,0,1,0,1
28,72.11519401625561,1,1,0,1,0,0,1,0,0
78,8.000683758435994,0,1,0,0,0,0,1,1,1
52,93.94016339315053,0,1,0,0,0,0,1,0,1
16,9.93727194688988,0,0,0,0,0,0,1,1,0
69,56.423151853601695,1,0,1,0,1,1,0,0,0
12,72.36074934783706,1,1,1,0,1,1,0,1,1
25,87.74206675587813,1,1,0,0,0,0,1,0,1
52,72.83825855258064,0,1,0,1,0,0,1,0,0
53,81.16416789163023,1,1,1,0,1,1,0,1,0
23,37.24776829156657,1,1,1,0,0,1,0,1,1
16,82.40838580591866,1,1,1,1,1,1,0,0,0
57,12.61091040654414,0,1,0,0,0,0,1,1,1
39,90.00758232575012,1,1,1,1,1,1,0,1,0
53,57.02127573460494,0,1,0,1,1,0,1,0,0
42,82.6432881464369,1,0,0,0,1,0,1,1,0
58,47.97023702923851,0,1,1,1,1,1,0,0,1
39,66.13988104366987,0,0,1,0,1,1,0,0,0
14,55.008252788930754,0,0,0,0,0,0,1,1,1
5,74.50100456675654,1,1,1,1,1,1,0,1,0
35,12.75484829290601,1,1,1,1,0,1,0,0,1
75,10.73344797910356,0,0,0,0,1,0,1,0,1
18,28.47480723096391,0,0,1,1,1,1,0,0,0
76,20.15674461075289,1,1,0,1,0,0,1,0,1
9,87.81943882625916,1,0,0,0,0,0,1,0,1
74,25.82532879901421,0,1,1,0,0,1,0,0,1
58,97.70719930281747,1,1,0,1,0,0,1,1,1
17,37.00510021825515,1,1,0,0,1,0,1,1,0
7,22.30120199042643,1,0,1,0,0,1,0,1,0
46,80.02135817853552,1,0,1,0,1,1,0,0,0
13,67.57723867258323,0,1,1,0,0,1,0,1,1
40,52.3285930630482,1,0,0,0,0,0,1,0,1
42,57.75953733907497,1,0,0,0,1,0,1,0,0
9,73.32416893586506,0,0,1,0,1,1,0,1,0
50,26.70320042647338,0,0,0,1,0,0,1,0,1
27,99.65172202539048,1,0,1,0,1,1,0,0,0
66,97.6053504039444,1,0,1,1,1,1,0,0,0
5,66.780940202959,1,0,0,1,1,0,1,0,1
29,23.95653283826879,1,1,1,1,1,1,0,0,0
37,69.62168303097268,0,0,0,0,1,0,1,0,1
38,11.858848853021705,0,0,0,0,1,0,1,1,0
8,7.9119877095515765,0,0,1,1,1,1,0,0,1
65,29.4798744085653,1,0,0,0,1,0,1,0,1
17,48.94918089023505,1,0,1,1,0,1,0,0,1
71,87.48588801379616,1,0,0,0,1,0,1,0,1
45,74.08106162779926,1,0,0,0,0,0,1,1,1
4,75.5571195139982,0,0,0,1,1,0,1,1,0
36,45.42186677256716,0,1,1,1,1,1,0,0,0
70,37.86382429196148,1,0,0,1,1,0,1,0,0
31,40.24868248353726,0,0,1,0,1,1,0,0,1
19,98.82670855492549,1,0,0,1,0,0,1,1,0
61,8.810373184185835,1,0,0,0,0,0,1,1,1
54,87.36799213163262,0,1,1,0,1,1,0,1,1
39,59.97416381437738,1,1,1,0,0,1,0,1,0
74,46.66846482301109,1,1,1,1,1,1,0,0,1
19,73.89947773943797,0,1,1,1,1,1,0,1,0
39,51.233549435346774,1,1,1,1,0,1,0,1,1
67,87.97520761775775,1,1,0,0,0,0,1,0,1
45,90.56667708106956,0,1,0,0,1,0,1,0,0
13,45.063488052978265,1,1,1,1,1,1,0,1,1
58,31.2986407373299,0,1,0,0,0,0,1,1,0
20,61.27328121636941,1,1,0,0,1,0,1,1,1
72,91.67451783358564,0,1,0,1,0,0,1,1,0
61,25.012907955538324,0,1,1,1,1,1,0,0,1
39,64.18182543853086,0,1,0,1,1,0,1,0,0
1,64.99822090878945,1,1,0,0,0,0,1,1,0
3,74.64573712945169,0,1,0,0,0,0,1,1,1
77,17.498930087089683,0,1,1,0,0,1,0,1,0
62,73.0033716447984,0,0,0,0,1,0,1,1,1
63,91.3580894632359,0,1,0,0,1,0,1,1,1
25,22.069895342672986,0,0,1,1,1,1,0,0,0
56,27.566615867768377,1,1,1,0,1,1,0,0,0
33,97.28253393395576,1,1,0,0,0,0,1,0,0
38,22.19281050740153,1,0,0,0,1,0,1,1,0
6,86.16658387011002,1,1,1,1,1,1,0,1,0
58,51.766396362563306,1,0,1,1,1,1,0,0,1
44,28.486952068301818,1,0,1,1,0,1,0,0,0
45,87.72124062088858,1,0,1,0,1,1,0,1,1
32,47.30399922525322,0,1,1,1,1,1,0,0,0
45,53.90764862332057,1,1,1,1,0,1,0,1,0
61,39.12717009297774,0,1,1,1,1,1,0,1,0
47,61.33033088631811,0,0,0,0,1,0,1,0,1
21,20.53476789557716,1,0,1,1,0,1,0,0,0
75,42.15274598191727,0,1,1,0,1,1,0,0,1
36,97.09417062185231,0,1,0,0,1,0,1,1,1
19,29.522676106607115,0,1,1,1,1,1,0,1,1
20,67.38998313142275,0,1,1,0,0,1,0,0,0
57,35.89305610134601,1,1,0,1,1,0,1,1,1
18,78.47994694022707,1,0,1,0,1,1,0,1,0
47,17.432997768243233,1,0,0,1,0,0,1,1,1
49,97.13299928246175,1,0,0,1,0,0,1,0,0
14,48.110006431445726,1,1,0,1,1,0,1,1,1
15,27.424794017914074,1,0,0,0,1,0,1,0,0
31,11.982190996351203,1,0,1,1,1,1,0,0,0
1,21.12700098331637,1,0,0,0,1,0,1,1,0
54,54.37852511282168,1,0,0,1,0,0,1,0,1
3,37.0153017609722,1,0,1,0,1,1,0,1,1
16,83.7439197588479,0,1,0,0,0,0,1,0,0
57,45.93431474787156,1,0,0,1,0,0,1,0,1
75,28.62785589582484,0,1,0,1,1,0,1,1,1
12,63.62877372738286,0,1,0,1,1,0,1,0,1
74,72.14383560411736,0,1,1,1,0,1,0,0,1
16,20.868981250590238,0,1,0,1,0,0,1,0,1
72,20.92382554739018,1,1,1,0,1,1,0,1,1
76,8.483785558686582,0,0,1,1,0,1,0,1,1
24,74.95819143123585,1,0,0,1,1,0,1,0,0
28,68.06143012407148,1,1,0,0,1,0,1,0,0
8,50.089933196232316,0,1,0,1,0,0,1,0,1
36,85.19619265207373,1,1,0,1,0,0,1,1,0
8,81.53866453025505,0,0,1,0,1,1,0,1,0
58,60.60866461769145,0,1,1,1,0,1,0,0,0
60,87.48577164875957,1,0,1,1,1,1,0,1,1
50,24.554914953492982,1,1,0,1,1,0,1,1,1
28,15.632363842784148,0,0,1,0,1,1,0,1,1
41,30.626213094114014,1,1,0,1,0,0,1,1,1
64,10.42325132848491,1,0,0,0,1,0,1,0,1
27,55.46110516009804,1,1,0,1,1,0,1,1,0
63,93.97754076802134,0,0,0,0,1,0,1,1,1
17,8.737636363508416,0,0,0,1,1,0,1,0,0
73,16.600441830952548,1,0,1,0,1,1,0,0,1
33,47.95890768692635,1,0,1,0,1,1,0,1,0
77,93.71812666515096,1,0,0,0,1,0,1,1,1
29,35.0348299727913,1,0,1,0,1,1,0,0,1
13,53.18730682539728,1,0,0,0,1,0,1,0,1
46,8.94942160978725,0,1,0,0,1,0,1,0,1
35,19.092604091398442,1,1,0,1,1,0,1,1,1
6,98.72986168109045,0,1,1,1,0,1,0,1,1
69,96.68627616142433,1,1,0,0,1,0,1,0,0
47,5.469298188768914,0,1,0,0,1,0,1,1,1
25,95.4221196152077,1,0,1,0,1,1,0,0,0
66,65.71639409247254,0,0,1,0,0,1,0,1,1
10,87.4522379794021,1,0,1,1,1,1,0,0,0
56,48.20028628521661,0,0,0,0,0,0,1,0,0
30,53.98162271502877,0,0,0,1,1,0,1,1,0
5,51.44042512440742,0,1,1,1,1,1,0,1,0
33,68.35210446687992,0,1,0,0,0,0,1,1,0
65,18.266869201849726,0,1,1,0,1,1,0,1,0
18,7.847491037904406,0,1,1,1,0,1,0,1,1
49,34.25334445116314,1,0,0,1,0,0,1,1,0
11,71.94467245998143,0,0,0,0,1,0,1,0,1
26,24.176077951680096,1,0,1,0,1,1,0,1,1
63,68.97608116586714,1,1,1,0,1,1,0,0,0
59,97.1416443801907,1,0,1,1,1,1,0,0,0
27,13.920567999994747,1,1,1,1,0,1,0,1,1
49,68.89720123138699,1,0,0,0,0,0,1,0,0
77,47.15627083393426,0,0,1,1,1,1,0,0,0
33,87.47351416586301,0,1,1,1,0,1,0,1,0
1,21.82922999750166,0,0,1,0,0,1,0,1,0
21,70.79946546148562,1,0,0,0,1,0,1,1,0
55,84.62095251657047,0,1,0,1,0,0,1,0,0
6,94.7383508500322,0,0,1,1,0,1,0,1,0
69,69.90856268751635,0,1,0,0,1,0,1,1,1
5,52.2316025808006,0,0,0,0,0,0,1,1,0
3,63.695487819115314,0,0,0,0,1,0,1,1,1
53,87.54597352547823,1,0,1,0,0,1,0,0,1
23,59.20792593068882,0,0,1,0,1,1,0,1,1
53,7.886770671199502,1,0,0,1,0,0,1,0,1
37,93.44012607316289,1,0,1,1,0,1,0,1,0
74,70.50504134799831,1,0,1,1,1,1,0,0,1
74,69.26877164883842,1,0,0,1,1,0,1,0,1
17,25.48913947778313,1,1,0,0,1,0,1,0,1
78,67.59411967210244,0,1,1,0,1,1,0,1,1
73,42.41711853714506,0,0,0,0,0,0,1,0,1
1,66.86713281894174,0,0,1,1,0,1,0,1,0
51,15.126337879259118,1,1,1,1,0,1,0,1,0
45,67.49530393728843,0,0,0,1,1,0,1,1,1
77,99.94430394821332,0,0,1,0,0,1,0,1,0
4,9.580143691752824,1,1,1,1,0,1,0,1,0
62,97.83154750102514,1,0,0,0,1,0,1,0,1
65,43.656256268672706,1,0,0,0,1,0,1,1,1
32,87.72157778203962,1,1,0,0,0,0,1,0,1
34,79.32662098553598,0,0,1,0,1,1,0,0,0
72,58.86654479373344,1,0,0,0,0,0,1,0,1
39,75.15267487887601,1,1,0,0,0,0,1,0,0
26,88.45897832362805,0,0,0,1,1,0,1,0,0
34,43.393330556848134,0,1,0,0,0,0,1,0,0
54,36.06815034850767,1,0,1,0,1,1,0,0,1
3,68.42137162854056,0,0,1,1,1,1,0,1,0
50,81.74536448441957,1,1,0,0,0,0,1,0,1
12,77.4170878037785,1,1,1,1,0,1,0,1,1
65,80.79229664157027,0,0,0,1,0,0,1,0,1
54,46.380414907228634,0,1,0,1,1,0,1,0,1
5,82.69425053662705,1,1,1,0,0,1,0,0,1
57,16.419860260207802,1,0,1,0,1,1,0,0,0
17,56.726464306280704,1,0,0,1,1,0,1,1,0
47,5.5470727473215495,0,0,0,0,0,0,1,1,0
23,35.83565384052568,1,1,1,0,1,1,0,1,0
79,39.8138458127828,1,1,0,1,0,0,1,0,0
14,42.63640570287926,1,1,1,1,0,1,0,0,1
66,71.0693846355369,1,1,0,0,0,0,1,0,1
75,41.913019620682846,1,0,0,1,0,0,1,1,0
51,47.625894149140414,0,1,1,1,0,1,0,0,0
38,27.56669243306111,1,0,1,1,0,1,0,1,0
64,40.458920204787304,1,1,1,0,0,1,0,1,1
38,26.59061458999939,1,0,1,0,1,1,0,0,1
50,11.953612758002146,1,0,1,0,0,1,0,0,1
30,62.3276163712309,0,0,1,1,1,1,0,1,0
79,68.48021586272654,0,1,1,0,1,1,0,1,0
51,63.851582870913376,0,0,0,1,1,0,1,1,0
63,49.03193416105437,1,0,0,0,0,0,1,0,0
52,41.07964911702683,1,1,0,0,1,0,1,0,1
38,87.0166967093234,0,0,1,1,1,1,0,0,0
79,54.312769587940714,0,1,1,0,0,1,0,0,0
30,50.522278374824445,0,1,1,1,0,1,0,0,0
51,7.435996251611391,1,0,0,0,1,0,1,0,1
5,37.418543624484855,1,0,1,0,0,1,0,1,1
29,41.11858378465642,0,1,1,1,0,1,0,1,0
4,42.88816418520555,0,0,0,1,0,0,1,1,1
10,60.11637507659657,0,1,1,1,0,1,0,0,1
56,55.69224193905345,1,1,0,0,1,0,1,1,1
17,62.75098381537724,1,1,0,0,0,0,1,0,1
74,77.66390984650218,1,0,1,0,0,1,0,0,1
17,82.23364517802888,0,1,1,1,0,1,0,1,0
69,73.22169224151696,0,0,1,1,1,1,0,0,0
34,95.7747511157188,1,0,0,1,1,0,1,1,0
6,6.732095354254355,0,0,0,0,0,0,1,1,1
53,23.59890863993688,1,0,0,0,0,0,1,0,1
66,5.718473122923501,0,1,1,1,1,1,0,1,1
77,66.5100978446873,0,0,1,0,0,1,0,1,1
43,90.31290215024876,0,1,1,1,0,1,0,1,0
75,28.13081817474843,0,1,1,0,1,1,0,1,0
23,93.06828175564914,1,0,0,0,0,0,1,0,0
55,10.725402077508281,0,1,0,1,0,0,1,1,0
75,93.77142254652385,1,1,0,0,1,0,1,1,0
16,38.40415528776527,1,0,0,0,1,0,1,1,0
8,14.63497870267557,1,1,1,1,0,1,0,0,1
4,51.15781712270093,0,1,1,1,1,1,0,1,1
4,29.393773933448255,1,1,1,0,0,1,0,0,0
56,32.06292568638267,1,1,0,1,0,0,1,1,1
25,34.19254666799722,1,0,0,0,0,0,1,1,0
67,81.28746029410303,0,1,1,1,1,1,0,1,0
67,56.22032128414918,0,1,1,0,1,1,0,0,1
27,34.57423141982035,1,1,0,0,0,0,1,0,0
32,62.98170941453724,0,1,1,1,0,1,0,0,0
50,73.03431405120338,1,0,0,0,1,0,1,0,0
61,30.89928006968571,1,1,0,0,1,0,1,0,1
51,44.287164644908394,0,0,0,1,1,0,1,0,1
19,16.579178867010018,1,1,1,1,0,1,0,1,1
21,22.20918820579463,0,0,1,0,1,1,0,0,1
5,69.70619612667336,0,0,0,1,1,0,1,1,0
42,22.23664303108456,1,0,1,1,0,1,0,0,1
61,54.89052144837071,0,0,0,0,0,0,1,0,1
22,72.35939486363111,0,0,0,0,0,0,1,0,1
21,15.153307694000665,1,1,0,1,1,0,1,1,0
70,58.89466086474584,1,1,0,1,0,0,1,0,1
1,29.37346445162956,0,1,1,1,0,1,0,0,1
5,96.47805314757008,0,0,0,0,0,0,1,1,0
12,50.93683643839285,1,1,0,0,0,0,1,1,0
46,81.56929222864002,0,0,1,0,1,1,0,1,0
34,57.27152150484487,0,0,0,0,0,0,1,1,0
49,9.12419062120782,0,1,0,0,1,0,1,0,1
78,65.14938068143212,0,1,1,0,1,1,0,1,0
45,95.38331750963242,0,0,1,0,1,1,0,0,1
27,62.15312291390146,0,0,1,1,0,1,0,0,1
73,82.82294164554507,0,1,0,1,1,0,1,1,1
26,88.99961401809874,1,1,1,0,0,1,0,0,1
47,26.667578335148583,1,1,1,0,0,1,0,1,1
56,25.14425979128153,1,1,0,0,0,0,1,0,0
63,63.04319394084421,1,0,0,1,1,0,1,1,1
48,44.04770463163695,1,1,0,0,0,0,1,1,1
61,84.78682377233844,0,1,0,1,0,0,1,1,1
26,90.50219672281106,0,1,0,1,0,0,1,1,0
36,38.57503103375822,0,0,1,1,1,1,0,1,1
1,27.502703102575797,0,0,1,1,1,1,0,1,1
8,79.14992394816687,1,0,1,1,1,1,0,0,0
52,31.10657337707293,0,0,0,0,0,0,1,0,1
79,83.14836025879944,0,1,0,0,1,0,1,0,1
47,45.25513409663247,1,0,0,1,0,0,1,1,0
56,68.4172404326897,0,1,1,0,0,1,0,0,1
14,14.075854814293477,0,1,1,1,1,1,0,1,1
28,64.26663584427445,1,1,0,1,0,0,1,0,1
78,47.91792948003677,0,1,1,0,1,1,0,0,1
2,60.72780400167004,0,0,0,0,0,0,1,1,1
26,20.961349735762024,0,0,1,0,1,1,0,0,0
14,75.0030057696973,0,0,1,0,0,1,0,0,0
59,86.96572236660671,0,1,1,0,0,1,0,0,0
56,25.590281008623688,1,1,0,1,0,0,1,1,1
7,14.092882774415363,1,1,1,0,0,1,0,0,1
3,7.245665674401957,1,1,1,0,0,1,0,1,1
23,65.98729254211027,1,1,0,0,1,0,1,0,0
18,62.673933428434175,1,0,1,1,0,1,0,0,1
38,56.936254207836654,1,1,0,0,1,0,1,0,1
15,27.034974131017666,0,0,0,1,1,0,1,0,1
64,42.13606961102389,1,1,0,0,1,0,1,1,0
28,61.47525184268644,1,1,0,0,0,0,1,0,0
74,52.19285159162109,0,0,0,1,0,0,1,1,1
39,98.8396244204143,0,0,1,0,0,1,0,1,1
57,17.961776492889648,1,1,0,0,1,0,1,0,1
17,71.03873263452141,0,1,0,1,0,0,1,0,0
44,43.410282969907755,1,1,0,0,0,0,1,1,0
25,45.6789634179334,0,1,0,1,1,0,1,1,0
17,73.17178773752674,1,0,1,1,1,1,0,0,1
13,70.78143437581511,0,1,0,1,1,0,1,0,0
25,99.1693194017079,0,0,1,1,1,1,0,0,1
68,17.197457498141898,1,1,0,1,1,0,1,0,1
10,14.890416691495801,1,0,1,0,1,1,0,0,0
67,73.81218762723041,1,0,0,0,0,0,1,1,1
18,59.94675711560886,1,1,0,0,1,0,1,0,0
34,31.04526332318156,1,0,1,1,0,1,0,0,1
8,12.544840053953727,0,1,0,1,0,0,1,1,1
40,13.1375337116609,1,0,1,1,0,1,0,0,0
42,89.94813309309124,1,1,0,1,1,0,1,0,1
41,23.227395848280576,0,0,1,0,0,1,0,1,1
6,35.72029840097447,0,1,0,0,1,0,1,0,1
52,26.53235821156386,1,1,0,1,1,0,1,1,1
26,38.724649054034046,0,0,1,1,0,1,0,0,1
64,11.59526506087887,0,0,0,0,1,0,1,0,1
59,54.31068013628568,1,0,0,1,0,0,1,0,1
56,11.423193541260416,0,0,0,1,0,0,1,1,1
59,81.03386824312435,0,1,0,1,1,0,1,1,0
70,27.202647781491137,1,0,0,0,0,0,1,1,0
33,56.301131887428504,1,1,0,0,0,0,1,1,1
53,88.60751331833853,0,0,1,1,0,1,0,0,1
22,66.83335005948345,0,1,1,0,1,1,0,1,0
21,55.63098972237685,1,1,1,1,0,1,0,1,1
70,35.81170654596068,0,1,0,1,1,0,1,1,0
70,36.63518174052881,0,1,1,0,1,1,0,0,0
4,68.60126074382806,0,0,0,1,0,0,1,0,0
75,99.44323931601092,1,0,0,1,0,0,1,1,1
62,67.87472303569098,0,1,0,0,1,0,1,1,1
62,57.989424650152365,0,0,0,1,1,0,1,0,1
24,74.41179847272838,1,0,1,1,0,1,0,1,0
55,49.19453316695322,0,1,0,1,0,0,1,1,0
9,10.713522547074597,0,0,1,0,1,1,0,1,0
3,58.418197508401434,1,0,0,1,1,0,1,1,1
31,95.97440202801111,1,0,1,0,1,1,0,0,0
40,21.653779523977665,1,1,1,1,1,1,0,0,0
36,70.55046462796325,1,0,1,1,1,1,0,0,1
24,24.088700422610366,0,1,1,1,0,1,0,1,0
6,55.90363002494272,0,0,1,1,1,1,0,1,0
66,14.184262716438363,1,0,1,0,1,1,0,0,1
75,47.78523894452759,1,0,0,0,0,0,1,0,1
4,76.83551624504838,0,1,1,1,0,1,0,0,0
79,38.0192948027033,1,1,0,1,1,0,1,1,1
6,68.16661382628571,0,0,1,1,1,1,0,0,0
51,80.56774627502428,1,1,0,1,0,0,1,1,1
62,93.081892850548,0,0,1,1,1,1,0,1,0
57,27.290997776268085,1,1,1,1,1,1,0,0,1
66,42.935012001884274,1,1,0,1,0,0,1,0,0
79,19.479521266389654,0,0,1,1,1,1,0,1,1
75,99.28593270504565,1,0,1,0,0,1,0,0,1
8,93.06509195280806,0,0,1,0,0,1,0,0,1
26,56.29592737665316,0,0,0,0,0,0,1,1,1
51,84.99316296576002,0,1,1,1,0,1,0,1,1
45,54.491007840844006,0,1,0,1,1,0,1,1,1
44,64.24064036026218,0,1,1,1,0,1,0,1,1
5,13.46682105102158,1,0,1,0,1,1,0,1,0
70,76.75068994719675,1,0,0,1,1,0,1,0,0
26,17.132780945347307,0,1,1,0,1,1,0,1,1
68,83.4764248739902,1,0,1,1,1,1,0,1,1
19,79.29266832868666,0,1,0,0,1,0,1,1,0
20,72.33074628558276,1,1,1,0,0,1,0,0,0
12,8.4352361498524,1,1,0,0,0,0,1,1,1
47,33.79719381480622,1,1,0,1,0,0,1,1,0
1,29.995694141530073,1,1,0,0,0,0,1,1,0
14,39.212958709794314,0,0,1,1,1,1,0,0,1
64,13.326060942564661,0,0,0,1,0,0,1,1,1
38,94.01099318795096,1,0,0,1,1,0,1,1,1
37,57.61121286767575,1,1,1,1,1,1,0,1,0
11,34.024809512512235,0,1,0,1,0,0,1,0,1
77,42.71324412205693,1,1,1,0,0,1,0,0,1
3,47.48424134795939,0,1,1,1,0,1,0,0,0
33,62.056461669258645,0,0,1,1,0,1,0,0,1
6,53.98954563116729,0,0,1,1,1,1,0,1,0
50,92.34223745536964,1,1,0,1,1,0,1,1,0
10,52.21153087605387,0,1,0,1,0,0,1,0,0
5,99.2550114082147,1,1,0,0,1,0,1,0,0
23,85.88537098578409,0,0,0,0,1,0,1,1,0
10,24.8084988639469,1,0,0,1,1,0,1,1,0
44,93.40654539117205,1,0,1,0,0,1,0,0,1
2,16.054807799120226,1,1,0,0,1,0,1,0,1
13,82.6577223066632,0,1,0,1,0,0,1,0,1
40,41.159212880275106,0,0,0,0,0,0,1,0,0
2,88.4075604422816,1,1,1,1,1,1,0,1,1
65,87.46538556020778,1,0,1,0,1,1,0,0,0
63,81.562913011174,1,1,0,0,0,0,1,0,1
73,80.05289144917083,0,0,1,0,1,1,0,1,0
17,33.944518214313874,0,1,0,1,1,0,1,1,1
9,12.687331889868958,0,0,0,0,0,0,1,1,0
75,43.28311698269034,0,0,1,0,0,1,0,1,1
15,21.484828923718325,1,0,1,1,0,1,0,1,0
24,71.02035344573386,1,0,0,1,0,0,1,0,1
38,37.87947402108963,0,0,0,0,1,0,1,0,0
35,97.68296908169192,0,0,1,1,1,1,0,0,1
49,65.89234734780655,1,1,0,0,0,0,1,1,1
69,83.13565354526429,0,1,1,0,0,1,0,0,1
62,17.5898439104756,0,1,0,1,0,0,1,1,0
60,86.89137581589914,0,0,1,1,1,1,0,0,0
50,92.66193309877247,0,0,0,1,0,0,1,0,0
78,51.27088228779891,0,1,0,0,1,0,1,1,0
75,62.59402908634286,0,0,1,1,0,1,0,1,0
9,77.65693108578456,1,0,0,0,0,0,1,0,1
34,21.60966958973919,0,0,0,1,0,0,1,0,0
76,52.74377726402703,0,0,1,0,1,1,0,0,1
35,42.87298763836974,1,0,0,1,1,0,1,0,1
1,18.905529255413665,1,1,0,0,1,0,1,0,0
40,39.91577011769549,1,1,0,1,0,0,1,1,1
64,11.476369391621889,0,1,1,0,1,1,0,1,0
22,7.452131160201263,1,1,1,1,1,1,0,1,0
60,17.840797469708164,0,1,1,1,0,1,0,1,0
64,96.49593560097152,0,0,0,0,0,0,1,0,1
72,57.20530591002661,0,0,0,1,1,0,1,0,0
11,96.75310530955589,1,0,0,0,1,0,1,1,0
14,46.087298441362535,1,0,0,0,1,0,1,0,0
60,34.62253264309966,1,1,1,1,1,1,0,1,1
30,53.08347696982319,1,1,0,0,0,0,1,0,0
35,46.75361042012646,1,1,0,1,0,0,1,0,1
37,15.038145004865672,0,0,0,1,0,0,1,0,1
5,65.87849989556959,0,1,1,0,1,1,0,1,0
78,25.523627338411963,0,0,0,1,1,0,1,1,1
26,63.86085571529381,0,1,0,0,0,0,1,1,1
62,66.76910377782457,1,1,0,0,0,0,1,1,0
4,19.44236104722157,1,0,0,1,1,0,1,0,0
42,10.828214575513474,0,0,0,1,1,0,1,0,0
18,79.17235067650178,1,1,1,0,0,1,0,0,1
40,48.68104025808542,1,1,0,0,0,0,1,0,0
72,10.5255605730202,0,0,0,1,0,0,1,1,1
39,99.51230013112787,0,1,0,1,1,0,1,0,1
14,10.48915329465483,1,1,0,1,1,0,1,0,1
32,71.02834674156256,1,0,0,1,1,0,1,0,1
51,98.4494979000243,0,1,0,0,1,0,1,1,1
38,27.722109900512933,0,0,0,1,1,0,1,1,0
23,18.513690025283637,0,1,0,0,1,0,1,1,0
63,16.531569245130747,1,0,0,0,0,0,1,0,1
15,33.81113901892158,0,1,0,1,0,0,1,1,1
25,14.599352046011436,0,0,1,0,1,1,0,0,0
17,70.75532746094252,1,1,1,1,0,1,0,0,0
66,10.917720822355957,1,0,1,0,1,1,0,0,1
78,53.395102174230026,1,1,1,1,0,1,0,1,1
53,99.68620111603279,1,1,0,0,1,0,1,1,0
51,82.32717560307178,1,1,1,0,0,1,0,0,0
39,63.44584663194603,0,1,1,1,0,1,0,0,1
51,34.09409397472811,0,1,0,1,1,0,1,1,0
70,64.27010444770565,1,1,1,0,1,1,0,1,0
6,55.068939071606906,1,1,1,0,0,1,0,1,1
67,45.47792146958529,1,1,0,1,0,0,1,0,1
7,17.41748579031895,1,1,0,0,1,0,1,0,1
51,89.22740044784435,1,0,0,1,0,0,1,0,0
72,47.72954163802564,0,0,1,0,1,1,0,1,1
42,23.489138622972682,0,1,1,1,1,1,0,1,0
64,39.93713833334251,0,0,0,0,0,0,1,1,1
15,44.34232649024807,0,1,0,1,1,0,1,0,1
29,83.61610007885305,1,1,1,1,0,1,0,0,0
33,74.6933661533332,0,0,0,0,0,0,1,1,0
27,78.08396489592728,1,1,1,1,1,1,0,0,1
36,6.0479701207214855,1,1,0,0,0,0,1,1,1
29,44.534629827077346,1,0,0,1,1,0,1,0,0
38,50.72769440535574,0,0,1,1,1,1,0,1,1
57,6.823266298190385,1,1,0,1,1,0,1,0,0
27,29.682254830778252,0,0,0,0,0,0,1,0,0
55,77.22753319660282,0,0,0,1,1,0,1,1,1
33,18.02542204425491,1,1,1,0,0,1,0,1,0
68,55.85446248799621,1,0,0,1,1,0,1,1,0
66,25.44417784163756,1,0,0,0,1,0,1,1,0
10,6.151473591169861,0,1,0,0,1,0,1,1,1
5,27.91413847195644,1,0,0,0,0,0,1,0,0
74,97.70800671645512,0,0,0,1,0,0,1,1,1
38,81.14602562888402,1,1,0,0,1,0,1,1,1
13,96.15978121049817,1,1,1,1,1,1,0,1,1
31,51.34613417300443,0,1,1,0,0,1,0,0,0
47,15.424938874362834,0,0,0,0,0,0,1,1,0
52,57.05615145250083,0,1,1,0,0,1,0,1,1
56,48.16584678319629,0,1,1,0,1,1,0,1,1
15,85.21392286026352,0,0,0,1,0,0,1,0,0
29,14.317845174503235,0,1,1,0,1,1,0,0,1
8,51.38290801706893,1,1,1,0,0,1,0,1,1
5,19.254623145928505,1,1,1,1,1,1,0,0,0
29,35.844213054555695,0,1,1,0,1,1,0,1,1
47,75.04892235184097,1,0,1,0,1,1,0,0,0
68,50.22172229003282,0,1,1,0,0,1,0,1,0
76,40.70938708884809,1,1,1,0,0,1,0,0,1
45,42.47524646415336,1,0,1,1,0,1,0,1,0
2,48.64744299856873,0,1,0,1,1,0,1,1,0
27,79.5765716645204,0,0,0,0,1,0,1,0,0
36,89.74804544932226,0,0,1,1,0,1,0,1,1
36,95.75679521787319,1,0,1,1,1,1,0,1,1
26,79.75582169425303,0,1,0,0,1,0,1,1,1
43,34.96365509606121,1,0,1,1,1,1,0,1,0
27,70.37279707822151,0,0,1,0,0,1,0,0,0
69,46.57229678526223,1,0,0,1,1,0,1,1,1
20,29.19370909437486,1,1,0,1,0,0,1,0,1
11,84.88280004546264,0,1,0,1,0,0,1,0,0
74,8.650503151420875,1,1,1,0,0,1,0,0,1
38,90.66738925286523,1,1,1,1,0,1,0,0,1
6,48.840359139349744,0,1,0,0,0,0,1,1,1
72,65.53414029678663,1,1,0,0,1,0,1,1,1
23,67.63862260954936,0,1,1,1,0,1,0,0,1
47,90.03618536712095,0,0,0,0,0,0,1,1,0
46,65.4836198058847,0,0,1,1,0,1,0,0,1
12,63.32369055220587,0,0,1,0,1,1,0,1,1
13,11.331943853265546,1,0,0,0,1,0,1,1,0
62,54.248762084794386,1,1,0,1,1,0,1,1,0
60,19.266055077618958,1,0,1,1,1,1,0,0,0
43,75.05620802854114,0,0,0,1,0,0,1,0,0
76,53.661082477204076,1,0,0,1,0,0,1,1,1
68,69.62163902479357,1,0,0,0,1,0,1,0,1
5,8.958925557226506,0,1,0,0,1,0,1,0,1
37,13.055241524351306,0,1,1,0,1,1,0,1,1
72,73.05072186595481,1,1,1,1,1,1,0,0,0
31,11.848011919873969,0,0,1,0,0,1,0,1,0
9,11.769389137699566,0,1,1,1,1,1,0,1,1
51,6.150305147314308,0,0,0,0,1,0,1,1,1
29,95.8676328384506,0,1,0,1,1,0,1,0,1
78,75.06329414860566,1,1,1,0,1,1,0,1,1
40,38.5588838076961,0,1,1,0,1,1,0,1,0
41,33.17088022232724,0,1,0,1,1,0,1,0,1
11,38.22180682585571,0,1,1,0,1,1,0,0,0
23,78.59208546221228,0,0,1,1,0,1,0,0,0
1,67.83020805168937,0,1,0,0,0,0,1,0,0
46,22.593578947409455,0,0,1,0,0,1,0,1,0
21,21.540386856738014,0,0,0,1,0,0,1,0,1
36,14.347586722772744,0,0,0,1,0,0,1,0,1
54,67.72875837162712,1,0,1,0,0,1,0,0,1
57,77.61540291106492,0,0,0,0,1,0,1,0,1
1,30.179410690875383,1,1,1,0,1,1,0,1,0
63,6.989771297936717,0,1,0,0,0,0,1,0,0
54,12.806308410260598,0,1,1,0,1,1,0,1,0
